Workbook

Sheet fiche
A1: catégorie | B1: keywords | C1: fiche_titre | D1: fiche_file | E1: fiche_lien | F1: var_uri | G1: var_name | H1: var_alt_name | I1: var_description | J1: var_short_uri
A2: phénologie | B2: phénologie, débourrement, BBCH07 | C2: Suivi du débourrement de la vigne | D2: fiche_pheno_dbr.qmd | E2: =CONCATENATE("https://vignevin.github.io/methodo/",_xlfn.REGEXREPLACE(D2,"qmd","html")) -> https://vignevin.github.io/methodo/fiche_pheno_dbr.html | F2: https://cropontology.org/term/CO_356:1000183 | G2: =VLOOKUP(F2,'Sheet 1'!$A$1:$O$355,2,FALSE) -> PER_SBU | H2: =VLOOKUP(F2,'Sheet 1'!$A$1:$O$355,3,FALSE) -> Percentage of sprouted buds | I2: =VLOOKUP(F2,'Sheet 1'!$A$1:$O$355,4,FALSE) -> Percentage of sprouted buds Creator : Eric Duchene Institution : INRAE | J2: =_xlfn.REGEXREPLACE(F2,"https://cropontology.org/term/","") -> CO_356:1000183
A3: phénologie | B3: phénologie, débourrement, BBCH07 | C3: Suivi du débourrement de la vigne | D3: fiche_pheno_dbr.qmd | E3: =CONCATENATE("https://vignevin.github.io/methodo/",_xlfn.REGEXREPLACE(D3,"qmd","html")) -> https://vignevin.github.io/methodo/fiche_pheno_dbr.html | F3: https://cropontology.org/term/CO_356:1000001 | G3: =VLOOKUP(F3,'Sheet 1'!$A$1:$O$355,2,FALSE) -> BUD_DATE | H3: =VLOOKUP(F3,'Sheet 1'!$A$1:$O$355,3,FALSE) -> Budbreak date (50%) | I3: =VLOOKUP(F3,'Sheet 1'!$A$1:$O$355,4,FALSE) -> Budbreak date (50%) Creator : Eric Duchene Institution : INRAE | J3: =_xlfn.REGEXREPLACE(F3,"https://cropontology.org/term/","") -> CO_356:1000001
A4: phénologie | B4: phénologie, débourrement, BBCH07 | C4: Suivi du débourrement de la vigne | D4: fiche_pheno_dbr.qmd | E4: =CONCATENATE("https://vignevin.github.io/methodo/",_xlfn.REGEXREPLACE(D4,"qmd","html")) -> https://vignevin.github.io/methodo/fiche_pheno_dbr.html | F4: https://cropontology.org/term/CO_356:1000076 | G4: =VLOOKUP(F4,'Sheet 1'!$A$1:$O$355,2,FALSE) -> DOY_BUD | H4: =VLOOKUP(F4,'Sheet 1'!$A$1:$O$355,3,FALSE) -> Day of Year Budbreak (50%) | I4: =VLOOKUP(F4,'Sheet 1'!$A$1:$O$355,4,FALSE) -> Day of Year Budbreak (50%) Creator : Eric Duchene Institution : INRAE | J4: =_xlfn.REGEXREPLACE(F4,"https://cropontology.org/term/","") -> CO_356:1000076
A5: phénologie | B5: phénologie, floraison, BBCH65 | C5: Suivi de la floraison de la vigne | D5: fiche_pheno_flo.qmd | E5: =CONCATENATE("https://vignevin.github.io/methodo/",_xlfn.REGEXREPLACE(D5,"qmd","html")) -> https://vignevin.github.io/methodo/fiche_pheno_flo.html | F5: https://cropontology.org/term/CO_356:1000181 | G5: =VLOOKUP(F5,'Sheet 1'!$A$1:$O$355,2,FALSE) -> OPEN_FLO_PC | H5: =VLOOKUP(F5,'Sheet 1'!$A$1:$O$355,3,FALSE) -> Percentage of open flowers | I5: =VLOOKUP(F5,'Sheet 1'!$A$1:$O$355,4,FALSE) -> Percentage of open flowers Creator : Eric Duchene Institution : INRAE | J5: =_xlfn.REGEXREPLACE(F5,"https://cropontology.org/term/","") -> CO_356:1000181
A6: phénologie | B6: phénologie, floraison, BBCH65 | C6: Suivi de la floraison de la vigne | D6: fiche_pheno_flo.qmd | E6: =CONCATENATE("https://vignevin.github.io/methodo/",_xlfn.REGEXREPLACE(D6,"qmd","html")) -> https://vignevin.github.io/methodo/fiche_pheno_flo.html | F6: https://cropontology.org/term/CO_356:1000011 | G6: =VLOOKUP(F6,'Sheet 1'!$A$1:$O$355,2,FALSE) -> FLO_50 | H6: =VLOOKUP(F6,'Sheet 1'!$A$1:$O$355,3,FALSE) -> Flowering date (50%) | I6: =VLOOKUP(F6,'Sheet 1'!$A$1:$O$355,4,FALSE) -> Flowering date (50%) Creator : Eric Duchene Institution : INRAE | J6: =_xlfn.REGEXREPLACE(F6,"https://cropontology.org/term/","") -> CO_356:1000011
A7: phénologie | B7: phénologie, floraison, BBCH65 | C7: Suivi de la floraison de la vigne | D7: fiche_pheno_flo.qmd | E7: =CONCATENATE("https://vignevin.github.io/methodo/",_xlfn.REGEXREPLACE(D7,"qmd","html")) -> https://vignevin.github.io/methodo/fiche_pheno_flo.html | F7: https://cropontology.org/term/CO_356:1000083 | G7: =VLOOKUP(F7,'Sheet 1'!$A$1:$O$355,2,FALSE) -> FLO_START | H7: =VLOOKUP(F7,'Sheet 1'!$A$1:$O$355,3,FALSE) -> Flowering start | I7: =VLOOKUP(F7,'Sheet 1'!$A$1:$O$355,4,FALSE) -> Flowering start Creator : Eric Duchene Institution : INRAE | J7: =_xlfn.REGEXREPLACE(F7,"https://cropontology.org/term/","") -> CO_356:1000083
A8: phénologie | B8: phénologie, floraison, BBCH65 | C8: Suivi de la floraison de la vigne | D8: fiche_pheno_flo.qmd | E8: =CONCATENATE("https://vignevin.github.io/methodo/",_xlfn.REGEXREPLACE(D8,"qmd","html")) -> https://vignevin.github.io/methodo/fiche_pheno_flo.html | F8: https://cropontology.org/term/CO_356:1000077 | G8: =VLOOKUP(F8,'Sheet 1'!$A$1:$O$355,2,FALSE) -> DOY_FLO | H8: =VLOOKUP(F8,'Sheet 1'!$A$1:$O$355,3,FALSE) -> Day of Year Flowering (50%) | I8: =VLOOKUP(F8,'Sheet 1'!$A$1:$O$355,4,FALSE) -> Day of Year Flowering (50%) Creator : Eric Duchene Institution : INRAE | J8: =_xlfn.REGEXREPLACE(F8,"https://cropontology.org/term/","") -> CO_356:1000077
A9: phénologie | B9: phénologie, véraison, BBCH85 | C9: Suivi de la véraison de la vigne | D9: fiche_pheno_ver.qmd | E9: =CONCATENATE("https://vignevin.github.io/methodo/",_xlfn.REGEXREPLACE(D9,"qmd","html")) -> https://vignevin.github.io/methodo/fiche_pheno_ver.html | F9: https://cropontology.org/term/CO_356:1000182 | G9: =VLOOKUP(F9,'Sheet 1'!$A$1:$O$355,2,FALSE) -> SOFT_BER_PC | H9: =VLOOKUP(F9,'Sheet 1'!$A$1:$O$355,3,FALSE) -> Percentage of soft berries | I9: =VLOOKUP(F9,'Sheet 1'!$A$1:$O$355,4,FALSE) -> Percentage of soft berries Creator : Eric Duchene Institution : INRAE | J9: =_xlfn.REGEXREPLACE(F9,"https://cropontology.org/term/","") -> CO_356:1000182
A10: phénologie | B10: phénologie, véraison, BBCH85 | C10: Suivi de la véraison de la vigne | D10: fiche_pheno_ver.qmd | E10: =CONCATENATE("https://vignevin.github.io/methodo/",_xlfn.REGEXREPLACE(D10,"qmd","html")) -> https://vignevin.github.io/methodo/fiche_pheno_ver.html | F10: https://cropontology.org/term/CO_356:1000177 | G10: =VLOOKUP(F10,'Sheet 1'!$A$1:$O$355,2,FALSE) -> COL_BER_PC | H10: =VLOOKUP(F10,'Sheet 1'!$A$1:$O$355,3,FALSE) -> Percentage of colored berries | I10: =VLOOKUP(F10,'Sheet 1'!$A$1:$O$355,4,FALSE) -> Percentage of colored berries Creator : Eric Duchene Institution : INRAE | J10: =_xlfn.REGEXREPLACE(F10,"https://cropontology.org/term/","") -> CO_356:1000177
A11: phénologie | B11: phénologie, véraison, BBCH85 | C11: Suivi de la véraison de la vigne | D11: fiche_pheno_ver.qmd | E11: =CONCATENATE("https://vignevin.github.io/methodo/",_xlfn.REGEXREPLACE(D11,"qmd","html")) -> https://vignevin.github.io/methodo/fiche_pheno_ver.html | F11: https://cropontology.org/term/CO_356:1000010 | G11: =VLOOKUP(F11,'Sheet 1'!$A$1:$O$355,2,FALSE) -> VER_50 | H11: =VLOOKUP(F11,'Sheet 1'!$A$1:$O$355,3,FALSE) -> Veraison date (50%), Time of beginning of berry ripening (veraison) | I11: =VLOOKUP(F11,'Sheet 1'!$A$1:$O$355,4,FALSE) -> Veraison date (50%), Time of beginning of berry ripening (veraison) Creator : Eric Duchene Institution : INRAE | J11: =_xlfn.REGEXREPLACE(F11,"https://cropontology.org/term/","") -> CO_356:1000010
A12: phénologie | B12: phénologie, véraison, BBCH85 | C12: Suivi de la véraison de la vigne | D12: fiche_pheno_ver.qmd | E12: =CONCATENATE("https://vignevin.github.io/methodo/",_xlfn.REGEXREPLACE(D12,"qmd","html")) -> https://vignevin.github.io/methodo/fiche_pheno_ver.html | F12: https://cropontology.org/term/CO_356:1000078 | G12: =VLOOKUP(F12,'Sheet 1'!$A$1:$O$355,2,FALSE) -> DOY_VER | H12: =VLOOKUP(F12,'Sheet 1'!$A$1:$O$355,3,FALSE) -> Day of Year Veraison (50%) | I12: =VLOOKUP(F12,'Sheet 1'!$A$1:$O$355,4,FALSE) -> Day of Year Veraison (50%) Creator : Eric Duchene Institution : INRAE | J12: =_xlfn.REGEXREPLACE(F12,"https://cropontology.org/term/","") -> CO_356:1000078
A13: vigueur | B13: vigueur, sarment, OIV | C13: Estimation visuelle de la vigueur - méthode OIV351 | D13: fiche_vigueur_OIV351.qmd | E13: =CONCATENATE("https://vignevin.github.io/methodo/",_xlfn.REGEXREPLACE(D13,"qmd","html")) -> https://vignevin.github.io/methodo/fiche_vigueur_OIV351.html | F13: https://cropontology.org/term/CO_356:1000240 | G13: =VLOOKUP(F13,'Sheet 1'!$A$1:$O$355,2,FALSE) -> SHOOT_G_OIV_351 | H13: =VLOOKUP(F13,'Sheet 1'!$A$1:$O$355,3,FALSE) -> Vigor of shoot growth, OIV:351 | I13: =VLOOKUP(F13,'Sheet 1'!$A$1:$O$355,4,FALSE) -> Vigor of shoot growth, OIV:351 Creator : Eric Duchene Institution : INRAE | J13: =_xlfn.REGEXREPLACE(F13,"https://cropontology.org/term/","") -> CO_356:1000240
... A46: matu | B46: maturité, grappe | C46: Suivi maturité par prélèvement de baies | D46: fiche_matu.qmd | E46: =CONCATENATE("https://vignevin.github.io/methodo/",_xlfn.REGEXREPLACE(D46,"qmd","html")) -> https://vignevin.github.io/methodo/fiche_matu.html | F46: https://cropontology.org/term/CO_356:1000187 | G46: =VLOOKUP(F46,'Sheet 1'!$A$1:$O$355,2,FALSE) -> BERRY_K | H46: =VLOOKUP(F46,'Sheet 1'!$A$1:$O$355,3,FALSE) -> Potassium concentration in the berries (flame spec., mg/l) | I46: =VLOOKUP(F46,'Sheet 1'!$A$1:$O$355,4,FALSE) -> Potassium concentration in the berries (flame spec., mg/l) Creator : Eric Duchene Institution : INRAE | J46: =_xlfn.REGEXREPLACE(F46,"https://cropontology.org/term/","") -> CO_356:1000187

Sheet Sheet 1
A1: uri | B1: name | C1: alternative_name | D1: description | E1: trait | F1: trait_name | G1: characteristic_uri | H1: characteristic_name | I1: unit_uri | J1: unit_name | K1: entity_uri | L1: entity_name | M1: method_uri | N1: method_name | O1: publication_date
A2: https://cropontology.org/term/CO_356:1000012 | B2: ALC_C | C2: Alcohol content | D2: Alcohol content Creator : Eric Duchene Institution : INRAE | E2: https://cropontology.org/term/CO_356:2000004 | F2: Alcohol | G2: vitioeno:set/variables#characteristic.alcohol | H2: Alcohol content | I2: https://cropontology.org/term/CO_356:4000001 | J2: %v/v | K2: gao:50050 | L2: wine | M2: https://cropontology.org/term/CO_356:3000147 | N2: Alcohol_NIRS_analyser | O2: 2024-01-03T15:30:41.398995+01:00
A3: https://cropontology.org/term/CO_356:1000297 | B3: BER_K_HPLC | C3: Potassium concentration of the berries (IC-HPLC, mg/l) | D3: Potassium concentration of the berries (IC-HPLC, mg/l) Creator : Eric Duchene Institution : INRAE | E3: https://cropontology.org/term/CO_356:2000122 | F3: Potassium concentration | G3: vitioeno:set/variables#characteristic.potassium | H3: Potassium concentration | I3: UO:0000273 | J3: mg/l | K3: gao:30050 | L3: baie | berry | M3: https://cropontology.org/term/CO_356:3000260 | N3: HPLC ion exchange | O3: 2024-01-03T15:30:41.706536+01:00
A4: https://cropontology.org/term/CO_356:1000298 | B4: BER_MAL_g | C4: Malic acid concentration of the berries (Enzym., g/l) | D4: Malic acid concentration of the berries (Enzym., g/l) Creator : Eric Duchene Institution : INRAE | E4: https://cropontology.org/term/CO_356:2000065 | F4: Berry: malic acid concentration | G4: vitioeno:set/variables#characteristic.organic-acids | H4: malic acid concentration | I4: UO:0000175 | J4: g/l | K4: gao:30050 | L4: baie | berry | M4: https://cropontology.org/term/CO_356:3000150 | N4: Mal_Enzymatic | O4: 2024-01-03T15:30:42.044273+01:00
A5: https://cropontology.org/term/CO_356:1000299 | B5: BER_MAL_HPLC | C5: Malic acid concentration of the berries (HPLC, g/l) | D5: Malic acid concentration of the berries (HPLC, g/l) Creator : Eric Duchene Institution : INRAE | E5: https://cropontology.org/term/CO_356:2000065 | F5: Berry: malic acid concentration | G5: vitioeno:set/variables#characteristic.organic-acids | H5: malic acid concentration | I5: UO:0000175 | J5: g/l | K5: gao:30050 | L5: baie | berry | M5: https://cropontology.org/term/CO_356:3000259 | N5: HPLC | O5: 2024-01-03T15:30:42.350057+01:00
A6: https://cropontology.org/term/CO_356:1000312 | B6: BER_SOUR_ROT_1_9 | C6: Berry sour rot estimation (1 to 9 scale) | D6: Berry sour rot estimation (1 to 9 scale) Creator : Eric Duchene Institution : INRAE | E6: https://cropontology.org/term/CO_356:2000239 | F6: Berry: Sour rot | G6: vitioeno:id/variable/characteristic.sour_rot | H6: Sour rot | I6: https://cropontology.org/term/CO_356:4000032 | J6: S1_9 | K6: gao:30050 | L6: baie | berry | M6: https://cropontology.org/term/CO_356:3000268 | N6: Visual rating | O6: 2024-01-03T15:30:42.66601+01:00
A7: https://cropontology.org/term/CO_356:1000311 | B7: BER_SOUR_TOT_PC | C7: Percentage of berries with sour rot | D7: Percentage of berries with sour rot Creator : Eric Duchene Institution : INRAE | E7: https://cropontology.org/term/CO_356:2000239 | F7: Berry: Sour rot | G7: vitioeno:id/variable/characteristic.sour_rot | H7: Sour rot | I7: https://cropontology.org/term/CO_356:4000014 | J7: % | K7: gao:30050 | L7: baie | berry | M7: https://cropontology.org/term/CO_356:3000155 | N7: Visual_percentage | O7: 2024-01-03T15:30:42.99352+01:00
A8: https://cropontology.org/term/CO_356:1000302 | B8: BER_TA_g | C8: Titratable acidity of the berries (g/l H2SO4) | D8: Titratable acidity of the berries (g/l H2SO4) Creator : Eric Duchene Institution : INRAE | E8: https://cropontology.org/term/CO_356:2000157 | F8: Berry: titratable acidity | G8: vitioeno:set/variables#characteristic.alcohol | H8: Alcohol content | I8: https://cropontology.org/term/CO_356:4000059 | J8: g/l eq H2SO4 | K8: gao:30050 | L8: baie | berry | M8: https://cropontology.org/term/CO_356:3000153 | N8: TA_AutomaticTitrator | O8: 2024-01-03T15:30:43.304519+01:00
A9: https://cropontology.org/term/CO_356:1000303 | B9: BER_TA_man_g | C9: Berry tiratable acidity (manual titration, g/l H2SO4) | D9: Berry tiratable acidity (manual titration, g/l H2SO4) Creator : Eric Duchene Institution : INRAE | E9: https://cropontology.org/term/CO_356:2000157 | F9: Berry: titratable acidity | G9: vitioeno:set/variables#characteristic.alcohol | H9: Alcohol content | I9: https://cropontology.org/term/CO_356:4000059 | J9: g/l eq H2SO4 | K9: gao:30050 | L9: baie | berry | M9: https://cropontology.org/term/CO_356:3000261 | N9: Manual titration | O9: 2024-01-03T15:30:43.752648+01:00
A10: https://cropontology.org/term/CO_356:1000300 | B10: BER_TART_g | C10: Tartaric acid concentration in the berries (Metav.., g/l) | D10: Tartaric acid concentration in the berries (Metav.., g/l) Creator : Eric Duchene Institution : INRAE | E10: https://cropontology.org/term/CO_356:2000150 | F10: Berry: tartaric acid concentration | G10: vitioeno:set/variables#characteristic.organic-acids | H10: malic acid concentration | I10: UO:0000175 | J10: g/l | K10: gao:30050 | L10: baie | berry | M10: https://cropontology.org/term/CO_356:3000154 | N10: Tart_metavanadate | O10: 2024-01-03T15:30:44.032859+01:00
A11: https://cropontology.org/term/CO_356:1000301 | B11: BER_TART_HPLC_g | C11: Tartaric acid concentration in the berries (HPLC, g/l) | D11: Tartaric acid concentration in the berries (HPLC, g/l) Creator : Eric Duchene Institution : INRAE | E11: https://cropontology.org/term/CO_356:2000150 | F11: Berry: tartaric acid concentration | G11: vitioeno:set/variables#characteristic.organic-acids | H11: malic acid concentration | I11: UO:0000175 | J11: g/l | K11: gao:30050 | L11: baie | berry | M11: https://cropontology.org/term/CO_356:3000259 | N11: HPLC | O11: 2024-01-03T15:30:44.341779+01:00
A12: https://cropontology.org/term/CO_356:1000013 | B12: BERRY_ANTHO | C12: Berry Anthocyanins content | D12: Berry Anthocyanins content Creator : Eric Duchene Institution : INRAE | E12: https://cropontology.org/term/CO_356:2000005 | F12: Anthocyanins (berry) | G12: vitioeno:set/variables#characteristic.anthocyanins | H12: Anthocyanins content | I12: UO:0000308 | J12: mg/kg | K12: gao:30050 | L12: baie | berry | M12: https://cropontology.org/term/CO_356:3000142 | N12: SPE-GC-MS | O12: 2024-01-03T15:30:44.63522+01:00
... A355: https://cropontology.org/term/CO_356:1000247 | B355: YIELD_PLANT | C355: Grapes_Weight | D355: NULL | E355: https://cropontology.org/term/CO_356:1000247 | F355: YIELD_PLANT | G355: vitioeno:id/variable/characteristic.weight | H355: Weight | I355: https://cropontology.org/term/CO_356:4000020 | J355: kg/plant | K355: vitioeno:id/variable/entity.grapes | L355: Grapes | M355: https://cropontology.org/term/CO_356:3000227 | N355: Weight_balance | O355: 2024-04-10T17:05:17.382338+02:00
